key_id,en,fr,name_toflit_simplification,id_toflit,datasprint1
00000002,Passenger,Passagers,passagers,passagers~product_simplification,False
00000013,Sundries,Diverses marchandises,marchandises de Montauban,marchandises_de_Montauban~product_simplification,False
00000013,Sundries,Diverses marchandises,marchandises permises,marchandises_permises~product_simplification,False
00000013,Sundries,Diverses marchandises,marchandises sèches,marchandises_sèches~product_simplification,False
00000013,Sundries,Diverses marchandises,marchandises,marchandises~product_simplification,False
00000013,Sundries,Diverses marchandises,marchandises des Indes,marchandises_des_Indes~product_simplification,False
00000027,Wheat,Blé,grains blé,grains_blé~product_simplification,False
00000027,Wheat,Blé,blé,blé~product_simplification,False
00000038,Apple,Pommes,pommes,pommes~product_simplification,False
00000040,Goods,Marchandises,marchandises,marchandises~product_simplification,False
00000043,Wine,Vin,vin,vin~product_simplification,True
00000043,Wine,Vin,vin de ???,vin_de_???~product_simplification,False
00000051,Wood,Bois,bois de ???,bois_de_???~product_simplification,False
00000051,Wood,Bois,bois,bois~product_simplification,False
00000051,Wood,Bois,"""bois"," pierre""",False
00000053,Bacon,Lard salé,lard et porcs salés,lard_et_porcs_salés~product_simplification,False
00000053,Bacon,Lard salé,jambon et lard salé,jambon_et_lard_salé~product_simplification,False
00000053,Bacon,Lard salé,lard salé,lard_salé~product_simplification,True
00000055,Wool,Laine,lain,lain~product_simplification,False
00000055,Wool,Laine,laine en ???,laine_en_???~product_simplification,False
00000055,Wool,Laine,laine,laine~product_simplification,True
00000055,Wool,Laine,laine en lain,laine_en_lain~product_simplification,False
00000055,Wool,Laine,laine de ???,laine_de_???~product_simplification,False
00000066,Soda,Soude,soudes,soudes~product_simplification,False
00000068,Plank,Planches,planches,planches~product_simplification,False
00000070,Coal,Charbon,charbon,charbon~product_simplification,False
00000071,Charcoal,Charbon de bois,charbon de bois et de terre,charbon_de_bois_et_de_terre~product_simplification,False
00000071,Charcoal,Charbon de bois,charbon de bois,charbon_de_bois~product_simplification,True
00000071,Charcoal,Charbon de bois,charbon de bois et chènevotte,charbon_de_bois_et_chènevotte~product_simplification,False
00000074,Oil,Huile,huile,huile~product_simplification,False
00000074,Oil,Huile,huile à ???,huile_à_???~product_simplification,False
00000075,Fish,Poisson,poisson,poisson~product_simplification,False
00000075,Fish,Poisson,poisson ???,poisson_???~product_simplification,False
00000078,Flax,Lin,lina,lina~product_simplification,False
00000078,Flax,Lin,lin ???,lin_???~product_simplification,False
00000078,Flax,Lin,lin,lin~product_simplification,True
00000084,Biscuit,Biscuits,biscuit,biscuit~product_simplification,True
00000090,Vinegar,Vinaigre,vinaigre,vinaigre~product_simplification,True
00000090,Vinegar,Vinaigre,vinaigre ???,vinaigre_???~product_simplification,False
00000093,Barley,Orge,orge de ???,orge_de_???~product_simplification,False
00000094,Ballast,Lest,lest,lest~product_simplification,False
00000095,Oats,Avoine,avoine,avoine~product_simplification,True
00000097,Fruit,Fruits,fruits ?,fruits_?~product_simplification,False
00000097,Fruit,Fruits,fruits,fruits~product_simplification,False
00000098,Hemp,Chanvre,chanvre,chanvre~product_simplification,True
00000101,Cotton,Coton,cotonnée,cotonnée~product_simplification,False
00000101,Cotton,Coton,coton ???,coton_???~product_simplification,False
00000101,Cotton,Coton,coton,coton~product_simplification,True
00000101,Cotton,Coton,cotonné de coton,cotonné_de_coton~product_simplification,False
00000101,Cotton,Coton,cotonis,cotonis~product_simplification,False
00000106,Mustard,Moutarde,moutarde,moutarde~product_simplification,False
00000110,Cheese,Fromage,fromage,fromage~product_simplification,True
00000122,Rye,Seigle,seigle,seigle~product_simplification,True
00000124,Flour,Farine,farine,farine~product_simplification,True
00000125,Beans,Haricots blancs,haricots blancs,haricots_blancs~product_simplification,False
00000126,Cod,Morue,morue ???,morue_???~product_simplification,False
00000126,Cod,Morue,morue,morue~product_simplification,False
00000126,Cod,Morue,??? de morue,???_de_morue~product_simplification,False
00000129,Salt,Sel,sel,sel~product_simplification,True
00000129,Salt,Sel,sel de,sel_de~product_simplification,False
00000129,Salt,Sel,selles,selles~product_simplification,False
00000130,Food,Vivres,vivres,vivres~product_simplification,False
00000135,Soap,Savon,savon,savon~product_simplification,True
00000138,Coffee,Café,café,café~product_simplification,False
00000138,Coffee,Café,cafas,cafas~product_simplification,False
00000145,Tallow,Suif,suif,suif~product_simplification,True
00000147,Sugar,Sucre,sucre,sucre~product_simplification,False
00000151,Furniture,Meubles,meubles,meubles~product_simplification,True
00000151,Furniture,Meubles,meubles ???,meubles_???~product_simplification,False
00000151,Furniture,Meubles,mobilier,mobilier~product_simplification,False
00000167,Oysters,Huitres,huîtres,huîtres~product_simplification,False
00000167,Oysters,Huitres,huitres,huitres~product_simplification,False
00000171,Copper,Cuivre,cuivre,cuivre~product_simplification,True
00000171,Copper,Cuivre,dés de cuivre,dés_de_cuivre~product_simplification,False
00000183,Peas,Pois,pois,pois~product_simplification,False
00000186,Cow,Vaches,vaches,vaches~product_simplification,True
00000201,Brandy,Eau-de-vie,eau-de-vie d'Hendaye,eau-de-vie_d'Hendaye~product_simplification,False
00000201,Brandy,Eau-de-vie,vin et eau-de-vie de vin,vin_et_eau-de-vie_de_vin~product_simplification,False
00000201,Brandy,Eau-de-vie,eau-de-vie de Cognac,eau-de-vie_de_Cognac~product_simplification,False
00000201,Brandy,Eau-de-vie,eau-de-vie spiritueuse,eau-de-vie_spiritueuse~product_simplification,False
00000201,Brandy,Eau-de-vie,oiseau à l'eau de vie,oiseau_à_l'eau_de_vie~product_simplification,False
00000201,Brandy,Eau-de-vie,eau-de-vie composée,eau-de-vie_composée~product_simplification,False
00000201,Brandy,Eau-de-vie,raisin muscat à l'eau-de-vie,raisin_muscat_à_l'eau-de-vie~product_simplification,False
00000201,Brandy,Eau-de-vie,eau-de-vie de Rochefort,eau-de-vie_de_Rochefort~product_simplification,False
00000201,Brandy,Eau-de-vie,eau-de-vie double,eau-de-vie_double~product_simplification,False
00000201,Brandy,Eau-de-vie,"""eau-de-vie de """"?"""" en pots""","""eau-de-vie_de_""""?""""_en_pots~product_simplification""",False
00000201,Brandy,Eau-de-vie,eau-de-vie diverse,eau-de-vie_diverse~product_simplification,False
00000201,Brandy,Eau-de-vie,fraises à l'eau-de-vie,fraises_à_l'eau-de-vie~product_simplification,False
00000201,Brandy,Eau-de-vie,eau-de-vie de Ré,eau-de-vie_de_Ré~product_simplification,False
00000201,Brandy,Eau-de-vie,fruits à l'eau-de-vie,fruits_à_l'eau-de-vie~product_simplification,False
00000201,Brandy,Eau-de-vie,eau-de-vie simple,eau-de-vie_simple~product_simplification,False
00000201,Brandy,Eau-de-vie,eau-de-vie de genièvre,eau-de-vie_de_genièvre~product_simplification,False
00000201,Brandy,Eau-de-vie,confitures à l'eau-de-vie,confitures_à_l'eau-de-vie~product_simplification,False
00000201,Brandy,Eau-de-vie,eau-de-vie de cidre,eau-de-vie_de_cidre~product_simplification,False
00000201,Brandy,Eau-de-vie,eau gazeuse,eau_gazeuse~product_simplification,False
00000201,Brandy,Eau-de-vie,eau-de-vie et liqueurs,eau-de-vie_et_liqueurs~product_simplification,False
00000201,Brandy,Eau-de-vie,eau-de-vie d'Oléron,eau-de-vie_d'Oléron~product_simplification,False
00000201,Brandy,Eau-de-vie,eau-de-vie de Dantzig,eau-de-vie_de_Dantzig~product_simplification,False
00000201,Brandy,Eau-de-vie,eau-de-vie rectifiée,eau-de-vie_rectifiée~product_simplification,False
00000201,Brandy,Eau-de-vie,eau-de-vie de Charente,eau-de-vie_de_Charente~product_simplification,False
00000201,Brandy,Eau-de-vie,eau-de-vie,eau-de-vie~product_simplification,False
00000201,Brandy,Eau-de-vie,eau-de-vie royale,eau-de-vie_royale~product_simplification,False
00000201,Brandy,Eau-de-vie,eau-de-vie d'Espagne,eau-de-vie_d'Espagne~product_simplification,False
00000201,Brandy,Eau-de-vie,pêches à l'eau-de-vie,pêches_à_l'eau-de-vie~product_simplification,False
00000201,Brandy,Eau-de-vie,eau-de-vie anisette,eau-de-vie_anisette~product_simplification,False
00000201,Brandy,Eau-de-vie,eau-de-vie de vin,eau-de-vie_de_vin~product_simplification,False
00000201,Brandy,Eau-de-vie,eau-de-vie raffinée,eau-de-vie_raffinée~product_simplification,False
00000201,Brandy,Eau-de-vie,vin et eau-de-vie,vin_et_eau-de-vie~product_simplification,False
00000201,Brandy,Eau-de-vie,eau-de-vie des prises,eau-de-vie_des_prises~product_simplification,False
00000201,Brandy,Eau-de-vie,eau-de-vie triple,eau-de-vie_triple~product_simplification,False
00000201,Brandy,Eau-de-vie,fruits confits à l'eau-de-vie,fruits_confits_à_l'eau-de-vie~product_simplification,False
00000201,Brandy,Eau-de-vie,eau-de-vie de Marennes,eau-de-vie_de_Marennes~product_simplification,False
00000201,Brandy,Eau-de-vie,eau-de-vie commune,eau-de-vie_commune~product_simplification,False
00000201,Brandy,Eau-de-vie,eau-de-vie antiscorbutique,eau-de-vie_antiscorbutique~product_simplification,False
00000201,Brandy,Eau-de-vie,eau-de-vie de grains,eau-de-vie_de_grains~product_simplification,False
00000201,Brandy,Eau-de-vie,eau-de-vie et rhum,eau-de-vie_et_rhum~product_simplification,False
00000201,Brandy,Eau-de-vie,eau-de-vie scorbutique,eau-de-vie_scorbutique~product_simplification,False
00000203,Firewood,Bois à brûler,bois pour brûler d'orme,bois_pour_brûler_d'orme~product_simplification,False
00000203,Firewood,Bois à brûler,cordes de bois pour brûler,cordes_de_bois_pour_brûler~product_simplification,False
00000203,Firewood,Bois à brûler,bois pour brûler de gite,bois_pour_brûler_de_gite~product_simplification,False
00000203,Firewood,Bois à brûler,bois pour brûler en ???,bois_pour_brûler_en_???~product_simplification,False
00000203,Firewood,Bois à brûler,bois pour brûler de chêne,bois_pour_brûler_de_chêne~product_simplification,False
00000203,Firewood,Bois à brûler,bois en bûches pour brûler,bois_en_bûches_pour_brûler~product_simplification,False
00000203,Firewood,Bois à brûler,bois pour brûler,bois_pour_brûler~product_simplification,False
00000203,Firewood,Bois à brûler,bois d'olivier à brûler,bois_d'olivier_à_brûler~product_simplification,False
00000203,Firewood,Bois à brûler,bois pour brûler et autres,bois_pour_brûler_et_autres~product_simplification,False
00000203,Firewood,Bois à brûler,bois pour brûler et fagots,bois_pour_brûler_et_fagots~product_simplification,False
00000203,Firewood,Bois à brûler,fagots de bois pour brûler,fagots_de_bois_pour_brûler~product_simplification,False
00000203,Firewood,Bois à brûler,facheaux de bois pour brûler,facheaux_de_bois_pour_brûler~product_simplification,False
00000205,Garlic,Ail,ails,ails~product_simplification,False
00000205,Garlic,Ail,ail,ail~product_simplification,False
00000205,Garlic,Ail,ailes,ailes~product_simplification,False
00000208,Sail,Voiles,voile,voile~product_simplification,False
00000213,Linseed,Graines de lin,graine de lin,graine_de_lin~product_simplification,True
00000213,Linseed,Graines de lin,graine,graine~product_simplification,False
00000213,Linseed,Graines de lin,graine de lin et grasse,graine_de_lin_et_grasse~product_simplification,False
00000213,Linseed,Graines de lin,graine de lin et à semer,graine_de_lin_et_à_semer~product_simplification,False
00000213,Linseed,Graines de lin,graine de lin vieille,graine_de_lin_vieille~product_simplification,False
00000213,Linseed,Graines de lin,huile de graine et de lin,huile_de_graine_et_de_lin~product_simplification,False
00000213,Linseed,Graines de lin,grains de lin,grains_de_lin~product_simplification,False
00000213,Linseed,Graines de lin,huile de graine de lin,huile_de_graine_de_lin~product_simplification,False
00000213,Linseed,Graines de lin,graine et graine de lin,graine_et_graine_de_lin~product_simplification,False
00000213,Linseed,Graines de lin,pain de graine de lin,pain_de_graine_de_lin~product_simplification,False
00000213,Linseed,Graines de lin,graine vieille de lin,graine_vieille_de_lin~product_simplification,False
00000234,Timber,Bois de construction,bois de pin,bois_de_pin~product_simplification,False
00000234,Timber,Bois de construction,bois,bois~product_simplification,False
00000234,Timber,Bois de construction,bois de chêne de construction,bois_de_chêne_de_construction~product_simplification,False
00000234,Timber,Bois de construction,bois de buis,bois_de_buis~product_simplification,False
00000234,Timber,Bois de construction,bois de chêne pour construction,bois_de_chêne_pour_construction~product_simplification,False
00000234,Timber,Bois de construction,avirons en bois de construction,avirons_en_bois_de_construction~product_simplification,False
00000234,Timber,Bois de construction,planches de bois pour construction,planches_de_bois_pour_construction~product_simplification,False
00000234,Timber,Bois de construction,bois pour construction,bois_pour_construction~product_simplification,False
00000234,Timber,Bois de construction,merrains,merrains~product_simplification,False
00000234,Timber,Bois de construction,bois de marine,bois_de_marine~product_simplification,False
00000234,Timber,Bois de construction,mâts,mâts~product_simplification,False
00000234,Timber,Bois de construction,espars pour construction,espars_pour_construction~product_simplification,False
00000234,Timber,Bois de construction,bois pour construction de sapin,bois_pour_construction_de_sapin~product_simplification,False
00000234,Timber,Bois de construction,poutres,poutres~product_simplification,False
00000234,Timber,Bois de construction,bois pour construction et planches de bois,bois_pour_construction_et_planches_de_bois~product_simplification,False
00000235,Earth coal,Charbon de terre,charbon de bois et de terre,charbon_de_bois_et_de_terre~product_simplification,False
00000235,Earth coal,Charbon de terre,charbon de terre grenier,charbon_de_terre_grenier~product_simplification,False
00000235,Earth coal,Charbon de terre,charbon de terre cargo,charbon_de_terre_cargo~product_simplification,False
00000235,Earth coal,Charbon de terre,charbon d'Angleterre de terre,charbon_d'Angleterre_de_terre~product_simplification,False
00000235,Earth coal,Charbon de terre,charbon de terre,charbon_de_terre~product_simplification,True
00000235,Earth coal,Charbon de terre,menu charbon de terre,menu_charbon_de_terre~product_simplification,False
00000240,Fishing (cod),Pêche à la morue,outils de pêche à la morue,outils_de_pêche_à_la_morue~product_simplification,False
00000240,Fishing (cod),Pêche à la morue,lest pour la pêche à la morue,lest_pour_la_pêche_à_la_morue~product_simplification,False
00000240,Fishing (cod),Pêche à la morue,pêche à la morue,pêche_à_la_morue~product_simplification,False
00000240,Fishing (cod),Pêche à la morue,vivres pour la pêche à la morue,vivres_pour_la_pêche_à_la_morue~product_simplification,False
00000240,Fishing (cod),Pêche à la morue,morue,morue~product_simplification,False
00000240,Fishing (cod),Pêche à la morue,morue de pêche française,morue_de_pêche_française~product_simplification,False
00000240,Fishing (cod),Pêche à la morue,pour la pêche à la morue,pour_la_pêche_à_la_morue~product_simplification,False
00000241,Earth,Terre,terrasse,terrasse~product_simplification,False
00000241,Earth,Terre,terre ?,terre_?~product_simplification,False
00000241,Earth,Terre,terre,terre~product_simplification,False
00000242,Cask (empty),Futailles vides,futailles démontées vides,futailles_démontées_vides~product_simplification,False
00000242,Cask (empty),Futailles vides,futailles vides de tonnelier,futailles_vides_de_tonnelier~product_simplification,False
00000242,Cask (empty),Futailles vides,futailles vides,futailles_vides~product_simplification,True
00000254,Pilchard,Sardines,sardines,sardines~product_simplification,True
00000257,Stave wood,Bois merrain,merrains de chêne,merrains_de_chêne~product_simplification,False
00000257,Stave wood,Bois merrain,douelles,douelles~product_simplification,False
00000257,Stave wood,Bois merrain,merrains bourdillons,merrains_bourdillons~product_simplification,False
00000257,Stave wood,Bois merrain,merrains pour bottes,merrains_pour_bottes~product_simplification,False
00000257,Stave wood,Bois merrain,merrains pour muid,merrains_pour_muid~product_simplification,False
00000257,Stave wood,Bois merrain,feuillards de bois merrains,feuillards_de_bois_merrains~product_simplification,False
00000257,Stave wood,Bois merrain,merrains pour tierçons,merrains_pour_tierçons~product_simplification,False
00000257,Stave wood,Bois merrain,merrains pour buses,merrains_pour_buses~product_simplification,False
00000257,Stave wood,Bois merrain,merrains de sapin,merrains_de_sapin~product_simplification,False
00000257,Stave wood,Bois merrain,merrains pour fonds,merrains_pour_fonds~product_simplification,False
00000257,Stave wood,Bois merrain,merrains de douves,merrains_de_douves~product_simplification,False
00000257,Stave wood,Bois merrain,merrains pour tonnellerie,merrains_pour_tonnellerie~product_simplification,False
00000257,Stave wood,Bois merrain,merrains pour ferraille,merrains_pour_ferraille~product_simplification,False
00000257,Stave wood,Bois merrain,merrains pour boucaud,merrains_pour_boucaud~product_simplification,False
00000257,Stave wood,Bois merrain,merrains pour barriques,merrains_pour_barriques~product_simplification,False
00000257,Stave wood,Bois merrain,merrains communs,merrains_communs~product_simplification,False
00000257,Stave wood,Bois merrain,bois et merrains,bois_et_merrains~product_simplification,False
00000257,Stave wood,Bois merrain,merrains pour pipes,merrains_pour_pipes~product_simplification,False
00000257,Stave wood,Bois merrain,merrains pour barils,merrains_pour_barils~product_simplification,False
00000257,Stave wood,Bois merrain,merrains bourdilles,merrains_bourdilles~product_simplification,False
00000257,Stave wood,Bois merrain,merrains ???,merrains_???~product_simplification,False
00000257,Stave wood,Bois merrain,bois merrains pour cardines,bois_merrains_pour_cardines~product_simplification,False
00000257,Stave wood,Bois merrain,merrains fonçaille,merrains_fonçaille~product_simplification,False
00000257,Stave wood,Bois merrain,merrains,merrains~product_simplification,False
00000257,Stave wood,Bois merrain,merrains pour quarts,merrains_pour_quarts~product_simplification,False
00000257,Stave wood,Bois merrain,merrains pour tonneaux,merrains_pour_tonneaux~product_simplification,False
00000257,Stave wood,Bois merrain,merrains pour tortue,merrains_pour_tortue~product_simplification,False
00000258,Fish oil,Huile de poisson,pied d'huile de poisson,pied_d'huile_de_poisson~product_simplification,False
00000258,Fish oil,Huile de poisson,huile à brûler et de poisson,huile_à_brûler_et_de_poisson~product_simplification,False
00000258,Fish oil,Huile de poisson,huile pour France de poisson,huile_pour_France_de_poisson~product_simplification,False
00000258,Fish oil,Huile de poisson,huile de graine de poisson,huile_de_graine_de_poisson~product_simplification,False
00000258,Fish oil,Huile de poisson,huile de graisse de poisson,huile_de_graisse_de_poisson~product_simplification,False
00000258,Fish oil,Huile de poisson,huile de poisson et de lin,huile_de_poisson_et_de_lin~product_simplification,False
00000258,Fish oil,Huile de poisson,huile de poisson et poix,huile_de_poisson_et_poix~product_simplification,False
00000258,Fish oil,Huile de poisson,huile pour étranger de poisson,huile_pour_étranger_de_poisson~product_simplification,False
00000258,Fish oil,Huile de poisson,huile spirituelle de poisson,huile_spirituelle_de_poisson~product_simplification,False
00000258,Fish oil,Huile de poisson,huile de poisson,huile_de_poisson~product_simplification,True
00000258,Fish oil,Huile de poisson,huile de poisson des Indes,huile_de_poisson_des_Indes~product_simplification,False
00000259,Coastal fishing,Pêche au poisson frais,pêche (poisson),pêche_(poisson)~product_simplification,False
00000259,Coastal fishing,Pêche au poisson frais,outils de pêche au poisson frais,outils_de_pêche_au_poisson_frais~product_simplification,False
00000259,Coastal fishing,Pêche au poisson frais,poisson frais,poisson_frais~product_simplification,False
00000259,Coastal fishing,Pêche au poisson frais,vivres pour la pêche au poisson frais,vivres_pour_la_pêche_au_poisson_frais~product_simplification,False
00000259,Coastal fishing,Pêche au poisson frais,filets à pêcher le poisson frai,filets_à_pêcher_le_poisson_frai~product_simplification,False
00000259,Coastal fishing,Pêche au poisson frais,pêche au poisson frais,pêche_au_poisson_frais~product_simplification,False
00000280,Fishing (pilchard),Pêche à la sardine,pêche à la sardine,pêche_à_la_sardine~product_simplification,False
00000281,Fishing implements,Ustensiles de pêche,outils de pêche,outils_de_pêche~product_simplification,False
00000281,Fishing implements,Ustensiles de pêche,filets et ustensiles de pêche,filets_et_ustensiles_de_pêche~product_simplification,False
00000281,Fishing implements,Ustensiles de pêche,ustensiles de pêche,ustensiles_de_pêche~product_simplification,True
00000295,Iron,Fer,dés de fer,dés_de_fer~product_simplification,False
00000295,Iron,Fer,ferrements,ferrements~product_simplification,False
00000295,Iron,Fer,??? de fer,???_de_fer~product_simplification,False
00000295,Iron,Fer,??? fer,???_fer~product_simplification,False
00000295,Iron,Fer,fer,fer~product_simplification,True
00000295,Iron,Fer,fer en ?,fer_en_?~product_simplification,False
00000298,Broad bean,Fèves,"""fèves", orge,False
00000298,Broad bean,Fèves,fèves,fèves~product_simplification,False
00000303,Pitch,Brai,brai ??? brai,brai_???_brai~product_simplification,False
00000303,Pitch,Brai,brai ???,brai_???~product_simplification,False
00000303,Pitch,Brai,brai,brai~product_simplification,False
00000303,Pitch,Brai,"""brai"," goudron et résine""",False
00000305,Tar,Goudron,goudron,goudron~product_simplification,True
00000327,Mussels,Moules ,moules,moules~product_simplification,False
00000328,Fishing (mussel),Pêche des moules,pêche aux moules,pêche_aux_moules~product_simplification,False
00000354,Beer,Bière,bière,bière~product_simplification,False
00000356,Sundries (allowed),Marchandises permises,marchandises permises,marchandises_permises~product_simplification,False
00000361,Green cod,Morue verte,morue verte des Îles,morue_verte_des_Îles~product_simplification,False
00000361,Green cod,Morue verte,morue verte en tonneaux,morue_verte_en_tonneaux~product_simplification,False
00000361,Green cod,Morue verte,morue verte cabillaud,morue_verte_cabillaud~product_simplification,False
00000361,Green cod,Morue verte,morue verte avariée,morue_verte_avariée~product_simplification,False
00000361,Green cod,Morue verte,morue verte,morue_verte~product_simplification,True
00000362,Salted pilchard,Sardines salées,sardines salées,sardines_salées~product_simplification,True
00000362,Salted pilchard,Sardines salées,sardines pressées et salées,sardines_pressées_et_salées~product_simplification,False
00000362,Salted pilchard,Sardines salées,sardines marinées et salées,sardines_marinées_et_salées~product_simplification,False
00000363,Pressed pilchard,Sardines pressées de Bretagne,sardines pressées,sardines_pressées~product_simplification,False
00000379,Butter,Beurre,beurre,beurre~product_simplification,True
00000414,Faggots,Fagots,fagots,fagots~product_simplification,True
00000419,Hoops,Cercles,cercles,cercles~product_simplification,False
00000420,Onions,Oignons,oignons de ???,oignons_de_???~product_simplification,False
00000420,Onions,Oignons,oignons,oignons~product_simplification,False
00000431,Dryed cod,Morue sèche,morue joues sèche,morue_joues_sèche~product_simplification,False
00000431,Dryed cod,Morue sèche,morue sèche,morue_sèche~product_simplification,False
00000444,Wheat,Froment,grains froment,grains_froment~product_simplification,True
00000469,Empty,Vide,vide,vide~product_simplification,False
00000469,Empty,Vide,à vide,à_vide~product_simplification,False
00000470,Coastal tramping,à l'aventure,à l'aventure,à_l'aventure~product_simplification,False
00000491,Bran,Son,son,son~product_simplification,False
00000512,Grain,Grain,grains divers,grains_divers~product_simplification,False
00000512,Grain,Grain,grains,grains~product_simplification,False
00000512,Grain,Grain,graine,graine~product_simplification,False
00000512,Grain,Grain,graine de l ???,graine_de_l_???~product_simplification,False
00000512,Grain,Grain,graine ???,graine_???~product_simplification,False
00000512,Grain,Grain,graine de,graine_de~product_simplification,False
00000522,Resin,Résine,résines,résines~product_simplification,False
00000524,Ashes,Cendre,cendre,cendre~product_simplification,False
00000524,Ashes,Cendre,cendre ???,cendre_???~product_simplification,False
00000542,Lime,Chaux,chaux,chaux~product_simplification,True
00000546,Bricks,Briques,brique,brique~product_simplification,False
00000546,Bricks,Briques,briques,briques~product_simplification,False
00000548,Fodder,Fourrage,fourrages,fourrages~product_simplification,False
00000553,Building stone,Pierre de taille,pierres et grès taillés,pierres_et_grès_taillés~product_simplification,False
00000553,Building stone,Pierre de taille,pierres de taille,pierres_de_taille~product_simplification,False
00000553,Building stone,Pierre de taille,pierres de taille à effiler,pierres_de_taille_à_effiler~product_simplification,False
00000566,Iron (scraps),Vieux Fer,fer vieux,fer_vieux~product_simplification,True
00000566,Iron (scraps),Vieux Fer,canons de fer vieux,canons_de_fer_vieux~product_simplification,False
00000566,Iron (scraps),Vieux Fer,fer-blanc vieux,fer-blanc_vieux~product_simplification,False
00000566,Iron (scraps),Vieux Fer,clous de fer vieux,clous_de_fer_vieux~product_simplification,False
00000566,Iron (scraps),Vieux Fer,fer vieux ouvré,fer_vieux_ouvré~product_simplification,False
00000580,Rope (wasted),Vieux cordages,cordage de vieux,cordage_de_vieux~product_simplification,False
00000580,Rope (wasted),Vieux cordages,cordage vieux,cordage_vieux~product_simplification,False
00000580,Rope (wasted),Vieux cordages,cordage de chanvre vieux,cordage_de_chanvre_vieux~product_simplification,False
00000580,Rope (wasted),Vieux cordages,étoupes de vieux cordages,étoupes_de_vieux_cordages~product_simplification,False
00000581,Gunpowder,Poudre à canon,poudre à canons et à tirer,poudre_à_canons_et_à_tirer~product_simplification,False
00000581,Gunpowder,Poudre à canon,poudre à canons de guerre,poudre_à_canons_de_guerre~product_simplification,False
00000581,Gunpowder,Poudre à canon,poudre de canons,poudre_de_canons~product_simplification,False
00000581,Gunpowder,Poudre à canon,poudre à canons,poudre_à_canons~product_simplification,False
00000589,Bottle,Bouteilles ,bouteilles,bouteilles~product_simplification,False
00000590,Cannon,Canons,canons,canons~product_simplification,False
00000601,Firewood (heating),Bois de chauffage,bois pour brûler,bois_pour_brûler~product_simplification,False
00000606,Ashes (seaweed),Cendre de varech,cendres de varech,cendres_de_varech~product_simplification,False
00000606,Ashes (seaweed),Cendre de varech,cendre de varech,cendre_de_varech~product_simplification,False
00000616,Hoop wood,Feuillard,feuillard,feuillard~product_simplification,False
00000616,Hoop wood,Feuillard,feuillards,feuillards~product_simplification,False
00000617,Plaster,Plâtre,plâtre,plâtre~product_simplification,False
00000621,Stone tiles,Carreaux,carreaux ???,carreaux_???~product_simplification,False
00000621,Stone tiles,Carreaux,carreaux,carreaux~product_simplification,False
00000630,Stone,Pierres,pierres ???,pierres_???~product_simplification,False
00000630,Stone,Pierres,pierres,pierres~product_simplification,True
00000630,Stone,Pierres,pierres en ???,pierres_en_???~product_simplification,False
00000630,Stone,Pierres,pierres à,pierres_à~product_simplification,False
00000634,Earthenware,Poterie,poterie,poterie~product_simplification,False
00001275,Faience,Faïence,faïence en ???,faïence_en_???~product_simplification,False
00001275,Faience,Faïence,faïence,faïence~product_simplification,False
00001277,Walnuts,Noix,noix,noix~product_simplification,True
00001278,Lentils,Lentilles,lentilles,lentilles~product_simplification,False
00001279,Skin (oxen),Peaux de bœuf,peaux de bœuf tannées,peaux_de_bœuf_tannées~product_simplification,False
00001279,Skin (oxen),Peaux de bœuf,peaux de bœuf en poil,peaux_de_bœuf_en_poil~product_simplification,False
00001279,Skin (oxen),Peaux de bœuf,peaux de bœuf,peaux_de_bœuf~product_simplification,False
00001280,Mixed breverage (generic),Vinatérie,vinaterie,vinaterie~product_simplification,False
00001281,Dry fish,Poisson sec,poisson sec,poisson_sec~product_simplification,False
00001281,Dry fish,Poisson sec,poisson de mer sec,poisson_de_mer_sec~product_simplification,False
00001283,Slate,Ardoises,ardoise,ardoise~product_simplification,False
00001283,Slate,Ardoises,ardoises,ardoises~product_simplification,False
00001284,Salted food products,Salaisons,salaisons,salaisons~product_simplification,False
00001285,Broue earth [for glassmaking],Terre de Broue [pour verrerie],terre pour verrerie,terre_pour_verrerie~product_simplification,False
00001285,Broue earth [for glassmaking],Terre de Broue [pour verrerie],terre de broue,terre_de_broue~product_simplification,False
00001285,Broue earth [for glassmaking],Terre de Broue [pour verrerie],terre de verrerie,terre_de_verrerie~product_simplification,False
00001288,Millstone,Meule de moulin,meules pour moulins,meules_pour_moulins~product_simplification,False
00001288,Millstone,Meule de moulin,meules pour moulins grosses,meules_pour_moulins_grosses~product_simplification,False
00001288,Millstone,Meule de moulin,meules pour moulins petites,meules_pour_moulins_petites~product_simplification,False
00001288,Millstone,Meule de moulin,meules pour moulin,meules_pour_moulin~product_simplification,False
00001289,Windmill blade,Verge de moulin,verges à moulins,verges_à_moulins~product_simplification,True
00001290,Mussel and coastal fishing,Pêche des moules et du poisson frais,pêche au poisson frais,pêche_au_poisson_frais~product_simplification,False
00001291,Grass pea,Vesces,vesces,vesces~product_simplification,False
00001292,Manure,Fumier,fumier,fumier~product_simplification,False
00001293,Sailor's belongings,Hardes de mer,hardes de gens de mer,hardes_de_gens_de_mer~product_simplification,False
00001294,Personal Cloth,Hardes,hardes,hardes~product_simplification,False
00001295,Tow,Etoupe,étoupes,étoupes~product_simplification,False
00001296,Slave trade cargo,Marchandises pour la traite négrière,marchandises pour la traite,marchandises_pour_la_traite~product_simplification,False
00001297,Glass (broken),Verre cassé,verres cassés,verres_cassés~product_simplification,False
00001297,Glass (broken),Verre cassé,verres cassés en groisil,verres_cassés_en_groisil~product_simplification,False
00001298,Peat,Turbe,turbit,turbit~product_simplification,False
00001300,Ship planking,Bordage,bordage,bordage~product_simplification,False
00001301,Cherry,Cérises,cerises,cerises~product_simplification,False
